TimePeriod,GeoTypeDesc,GeoID,GeoRank,BoroID,Borough,Geography,Area,Number,Percent
2022,Borough,1,1,1,Bronx,Bronx,Bronx,"363,000","34.3 (30.9, 37.8)"
2022,Borough,2,1,2,Brooklyn,Brooklyn,Brooklyn,"512,000","25.0 (22.5, 27.6)"
2022,Borough,3,1,3,Manhattan,Manhattan,Manhattan,"266,000","19.5 (16.7, 22.6)"
2022,Borough,4,1,4,Queens,Queens,Queens,"453,000","24.0 (21.3, 27.0)"
2022,Borough,5,1,5,Staten Island,Staten Island,Staten Island,"120,000","31.8 (25.6, 38.8)"
2022,UHF 34,101,3,1,Bronx,Kingsbridge - Riverdale,Kingsbridge - Riverdale  Bronx,"25,000*","36.8* (25.3, 49.9)"
2022,UHF 34,102,3,1,Bronx,Northeast Bronx,Northeast Bronx  Bronx,"54,000","32.6 (24.9, 41.5)"
2022,UHF 34,103,3,1,Bronx,Fordham - Bronx Pk,Fordham - Bronx Pk  Bronx,"59,000","31.8 (24.6, 40.0)"
2022,UHF 34,104,3,1,Bronx,Pelham - Throgs Neck,Pelham - Throgs Neck  Bronx,"81,000","35.4 (28.6, 43.0)"
2022,UHF 34,105106107,3,1,Bronx,South Bronx,South Bronx  Bronx,"144,000","35.0 (29.3, 41.2)"
2022,UHF 34,201,3,2,Brooklyn,Greenpoint,Greenpoint  Brooklyn,"19,000","16.2 (9.5, 26.1)"
2022,UHF 34,202,3,2,Brooklyn,Downtown - Heights - Slope,Downtown - Heights - Slope  Brooklyn,"39,000","18.6 (13.5, 25.1)"
2022,UHF 34,203,3,2,Brooklyn,Bedford Stuyvesant - Crown Heights,Bedford Stuyvesant - Crown Heights  Brooklyn,"71,000","26.4 (20.4, 33.5)"
2022,UHF 34,204,3,2,Brooklyn,East New York,East New York  Brooklyn,"62,000*","40.3* (29.8, 51.9)"
2022,UHF 34,205,3,2,Brooklyn,Sunset Park,Sunset Park  Brooklyn,"19,000*","20.7* (11.3, 34.8)"
2022,UHF 34,206,3,2,Brooklyn,Borough Park,Borough Park  Brooklyn,"40,000","17.9 (12.0, 26.0)"
2022,UHF 34,207,3,2,Brooklyn,East Flatbush - Flatbush,East Flatbush - Flatbush  Brooklyn,"79,000","31.9 (24.4, 40.6)"
2022,UHF 34,208,3,2,Brooklyn,Canarsie - Flatlands,Canarsie - Flatlands  Brooklyn,"54,000*","33.5* (23.7, 45.0)"
2022,UHF 34,209,3,2,Brooklyn,Bensonhurst - Bay Ridge,Bensonhurst - Bay Ridge  Brooklyn,"34,000","20.4 (13.0, 30.4)"
2022,UHF 34,210,3,2,Brooklyn,Coney Island - Sheepshead Bay,Coney Island - Sheepshead Bay  Brooklyn,"55,000","23.3 (16.4, 31.9)"
2022,UHF 34,211,3,2,Brooklyn,Williamsburg - Bushwick,Williamsburg - Bushwick  Brooklyn,"41,000","22.9 (15.9, 31.8)"
2022,UHF 34,301,3,3,Manhattan,Washington Heights,Washington Heights  Manhattan,"78,000*","33.9* (24.3, 45.0)"
2022,UHF 34,302,3,3,Manhattan,Central Harlem - Morningside Heights,Central Harlem - Morningside Heights  Manhattan,"44,000*","31.6* (21.3, 44.2)"
2022,UHF 34,303,3,3,Manhattan,East Harlem,East Harlem  Manhattan,"34,000*","38.3* (27.5, 50.3)"
2022,UHF 34,304,3,3,Manhattan,Upper West Side,Upper West Side  Manhattan,"26,000","13.7 (8.5, 21.4)"
2022,UHF 34,305307,3,3,Manhattan,Upper East Side-Gramercy,Upper East Side-Gramercy  Manhattan,"26,000","8.8 (5.2, 14.6)"
2022,UHF 34,306308,3,3,Manhattan,Chelsea-Village,Chelsea-Village    Manhattan,"28,000","13.2 (8.1, 20.9)"
2022,UHF 34,309310,3,3,Manhattan,Union Square-Lower Manhattan,Union Square-Lower Manhattan  Manhattan,"30,000","14.4 (9.6, 21.0)"
2022,UHF 34,401,3,4,Queens,Long Island City - Astoria,Long Island City - Astoria  Queens,"36,000","20.3 (14.4, 27.8)"
2022,UHF 34,402,3,4,Queens,West Queens,West Queens  Queens,"90,000","24.5 (17.3, 33.5)"
2022,UHF 34,403,3,4,Queens,Flushing - Clearview,Flushing - Clearview  Queens,"32,000","14.9 (9.4, 22.7)"
2022,UHF 34,405,3,4,Queens,Ridgewood - Forest Hills,Ridgewood - Forest Hills  Queens,"56,000","25.9 (18.2, 35.4)"
2022,UHF 34,407,3,4,Queens,Southwest Queens,Southwest Queens  Queens,"60,000","25.5 (18.8, 33.6)"
2022,UHF 34,408,3,4,Queens,Jamaica,Jamaica  Queens,"72,000","28.4 (20.4, 38.1)"
2022,UHF 34,409,3,4,Queens,Southeast Queens,Southeast Queens  Queens,"60,000*","33.9* (24.4, 45.0)"
2022,UHF 34,410,3,4,Queens,Rockaways,Rockaways  Queens,"24,000","26.3 (18.9, 35.3)"
2022,UHF 34,404406,3,4,Queens,Bayside Little Neck-Fresh Meadows,Bayside Little Neck-Fresh Meadows  Queens,"23,000","15.2 (10.3, 22.0)"
2022,UHF 34,501502,3,5,Staten Island,Northern SI,Northern SI  Staten Island,"52,000*","34.1* (23.2, 47.0)"
2022,UHF 34,503504,3,5,Staten Island,Southern SI,Southern SI  Staten Island,"68,000","30.3 (23.2, 38.4)"
2020,Borough,1,1,1,Bronx,Bronx,Bronx,"332,000","32.4 (29.1, 35.8)"
2020,Borough,2,1,2,Brooklyn,Brooklyn,Brooklyn,"479,000","24.6 (22.3, 27.0)"
2020,Borough,3,1,3,Manhattan,Manhattan,Manhattan,"227,000","17.1 (14.7, 19.7)"
2020,Borough,4,1,4,Queens,Queens,Queens,"435,000","24.6 (21.8, 27.7)"
2020,Borough,5,1,5,Staten Island,Staten Island,Staten Island,"118,000","32.5 (26.5, 39.1)"
2020,UHF 34,101,3,1,Bronx,Kingsbridge - Riverdale,Kingsbridge - Riverdale  Bronx,"13,000","18.3 (11.3, 28.2)"
2020,UHF 34,102,3,1,Bronx,Northeast Bronx,Northeast Bronx  Bronx,"43,000","29.7 (21.3, 39.8)"
2020,UHF 34,103,3,1,Bronx,Fordham - Bronx Pk,Fordham - Bronx Pk  Bronx,"66,000","36.0 (28.2, 44.7)"
2020,UHF 34,104,3,1,Bronx,Pelham - Throgs Neck,Pelham - Throgs Neck  Bronx,"61,000","27.5 (21.0, 35.1)"
2020,UHF 34,105106107,3,1,Bronx,South Bronx,South Bronx  Bronx,"143,000","37.0 (31.7, 42.7)"
2020,UHF 34,201,3,2,Brooklyn,Greenpoint,Greenpoint  Brooklyn,"15,000*","15.3* (8.0, 27.5)"
2020,UHF 34,202,3,2,Brooklyn,Downtown - Heights - Slope,Downtown - Heights - Slope  Brooklyn,"28,000","15.6 (10.4, 22.8)"
2020,UHF 34,203,3,2,Brooklyn,Bedford Stuyvesant - Crown Heights,Bedford Stuyvesant - Crown Heights  Brooklyn,"70,000","29.1 (22.8, 36.3)"
2020,UHF 34,204,3,2,Brooklyn,East New York,East New York  Brooklyn,"35,000","26.5 (18.6, 36.3)"
2020,UHF 34,205,3,2,Brooklyn,Sunset Park,Sunset Park  Brooklyn,"24,000","24.0 (15.8, 34.6)"
2020,UHF 34,206,3,2,Brooklyn,Borough Park,Borough Park  Brooklyn,"49,000","20.8 (15.1, 27.9)"
2020,UHF 34,207,3,2,Brooklyn,East Flatbush - Flatbush,East Flatbush - Flatbush  Brooklyn,"63,000","27.6 (21.1, 35.2)"
2020,UHF 34,208,3,2,Brooklyn,Canarsie - Flatlands,Canarsie - Flatlands  Brooklyn,"56,000*","37.0* (27.5, 47.6)"
2020,UHF 34,209,3,2,Brooklyn,Bensonhurst - Bay Ridge,Bensonhurst - Bay Ridge  Brooklyn,"36,000","21.9 (14.5, 31.6)"
2020,UHF 34,210,3,2,Brooklyn,Coney Island - Sheepshead Bay,Coney Island - Sheepshead Bay  Brooklyn,"60,000","26.4 (19.6, 34.5)"
2020,UHF 34,211,3,2,Brooklyn,Williamsburg - Bushwick,Williamsburg - Bushwick  Brooklyn,"38,000","25.0 (18.0, 33.4)"
2020,UHF 34,301,3,3,Manhattan,Washington Heights,Washington Heights  Manhattan,"58,000","29.1 (21.7, 37.7)"
2020,UHF 34,302,3,3,Manhattan,Central Harlem - Morningside Heights,Central Harlem - Morningside Heights  Manhattan,"36,000","29.1 (21.6, 37.9)"
2020,UHF 34,303,3,3,Manhattan,East Harlem,East Harlem  Manhattan,"24,000*","29.5* (19.4, 42.1)"
2020,UHF 34,304,3,3,Manhattan,Upper West Side,Upper West Side  Manhattan,"32,000","17.3 (10.8, 26.5)"
2020,UHF 34,305307,3,3,Manhattan,Upper East Side-Gramercy,Upper East Side-Gramercy  Manhattan,"28,000","8.8 (5.6, 13.6)"
2020,UHF 34,306308,3,3,Manhattan,Chelsea-Village,Chelsea-Village    Manhattan,"20,000","9.6 (5.7, 15.7)"
2020,UHF 34,309310,3,3,Manhattan,Union Square-Lower Manhattan,Union Square-Lower Manhattan  Manhattan,"30,000","14.1 (9.4, 20.5)"
2020,UHF 34,401,3,4,Queens,Long Island City - Astoria,Long Island City - Astoria  Queens,"31,000","18.4 (12.0, 27.3)"
2020,UHF 34,402,3,4,Queens,West Queens,West Queens  Queens,"98,000","26.2 (20.2, 33.1)"
2020,UHF 34,403,3,4,Queens,Flushing - Clearview,Flushing - Clearview  Queens,"30,000","14.4 (8.2, 24.3)"
2020,UHF 34,405,3,4,Queens,Ridgewood - Forest Hills,Ridgewood - Forest Hills  Queens,"39,000","19.9 (13.4, 28.5)"
2020,UHF 34,407,3,4,Queens,Southwest Queens,Southwest Queens  Queens,"65,000","31.8 (24.2, 40.6)"
2020,UHF 34,408,3,4,Queens,Jamaica,Jamaica  Queens,"44,000","20.6 (12.9, 31.4)"
2020,UHF 34,409,3,4,Queens,Southeast Queens,Southeast Queens  Queens,"64,000*","41.1* (29.7, 53.5)"
2020,UHF 34,410,3,4,Queens,Rockaways,Rockaways  Queens,"28,000*","34.4* (18.7, 54.3)"
2020,UHF 34,404406,3,4,Queens,Bayside Little Neck-Fresh Meadows,Bayside Little Neck-Fresh Meadows  Queens,"28,000","19.3 (12.9, 28.0)"
2020,UHF 34,501502,3,5,Staten Island,Northern SI,Northern SI  Staten Island,"47,000*","32.0* (22.7, 43.0)"
2020,UHF 34,503504,3,5,Staten Island,Southern SI,Southern SI  Staten Island,"73,000","33.1 (25.7, 41.5)"
2019,Borough,1,1,1,Bronx,Bronx,Bronx,"343,000","33.5 (30.0, 37.2)"
2019,Borough,2,1,2,Brooklyn,Brooklyn,Brooklyn,"490,000","25.8 (23.4, 28.4)"
2019,Borough,3,1,3,Manhattan,Manhattan,Manhattan,"227,000","17.4 (14.8, 20.5)"
2019,Borough,4,1,4,Queens,Queens,Queens,"408,000","23.4 (20.7, 26.3)"
2019,Borough,5,1,5,Staten Island,Staten Island,Staten Island,"106,000","29.3 (23.4, 35.9)"
2019,UHF 34,101,3,1,Bronx,Kingsbridge - Riverdale,Kingsbridge - Riverdale  Bronx,"19,000*","26.7* (17.5, 38.4)"
2019,UHF 34,102,3,1,Bronx,Northeast Bronx,Northeast Bronx  Bronx,"46,000","30.9 (22.9, 40.2)"
2019,UHF 34,103,3,1,Bronx,Fordham - Bronx Pk,Fordham - Bronx Pk  Bronx,"58,000","33.5 (24.9, 43.4)"
2019,UHF 34,104,3,1,Bronx,Pelham - Throgs Neck,Pelham - Throgs Neck  Bronx,"86,000","37.5 (30.3, 45.3)"
2019,UHF 34,105106107,3,1,Bronx,South Bronx,South Bronx  Bronx,"128,000","33.0 (27.2, 39.3)"
2019,UHF 34,201,3,2,Brooklyn,Greenpoint,Greenpoint  Brooklyn,"14,000","15.0 (9.3, 23.5)"
2019,UHF 34,202,3,2,Brooklyn,Downtown - Heights - Slope,Downtown - Heights - Slope  Brooklyn,"25,000","14.6 (9.5, 21.6)"
2019,UHF 34,203,3,2,Brooklyn,Bedford Stuyvesant - Crown Heights,Bedford Stuyvesant - Crown Heights  Brooklyn,"61,000","25.9 (19.9, 33.0)"
2019,UHF 34,204,3,2,Brooklyn,East New York,East New York  Brooklyn,"48,000*","35.5* (25.4, 47.0)"
2019,UHF 34,205,3,2,Brooklyn,Sunset Park,Sunset Park  Brooklyn,"13,000*","14.1* (7.6, 24.7)"
2019,UHF 34,206,3,2,Brooklyn,Borough Park,Borough Park  Brooklyn,"43,000","18.7 (13.5, 25.4)"
2019,UHF 34,207,3,2,Brooklyn,East Flatbush - Flatbush,East Flatbush - Flatbush  Brooklyn,"72,000","31.2 (24.0, 39.6)"
2019,UHF 34,208,3,2,Brooklyn,Canarsie - Flatlands,Canarsie - Flatlands  Brooklyn,"64,000*","42.2* (31.5, 53.6)"
2019,UHF 34,209,3,2,Brooklyn,Bensonhurst - Bay Ridge,Bensonhurst - Bay Ridge  Brooklyn,"30,000","18.8 (13.5, 25.6)"
2019,UHF 34,210,3,2,Brooklyn,Coney Island - Sheepshead Bay,Coney Island - Sheepshead Bay  Brooklyn,"64,000","27.5 (20.5, 35.7)"
2019,UHF 34,211,3,2,Brooklyn,Williamsburg - Bushwick,Williamsburg - Bushwick  Brooklyn,"47,000","32.3 (23.2, 43.0)"
2019,UHF 34,301,3,3,Manhattan,Washington Heights,Washington Heights  Manhattan,"50,000","25.3 (17.9, 34.4)"
2019,UHF 34,302,3,3,Manhattan,Central Harlem - Morningside Heights,Central Harlem - Morningside Heights  Manhattan,"45,000*","36.9* (25.4, 50.0)"
2019,UHF 34,303,3,3,Manhattan,East Harlem,East Harlem  Manhattan,"27,000*","34.1* (22.7, 47.6)"
2019,UHF 34,304,3,3,Manhattan,Upper West Side,Upper West Side  Manhattan,"31,000","17.0 (9.7, 27.9)"
2019,UHF 34,305307,3,3,Manhattan,Upper East Side-Gramercy,Upper East Side-Gramercy  Manhattan,"29,000","9.3 (6.1, 13.7)"
2019,UHF 34,306308,3,3,Manhattan,Chelsea-Village,Chelsea-Village    Manhattan,"24,000","11.9 (6.7, 20.3)"
2019,UHF 34,309310,3,3,Manhattan,Union Square-Lower Manhattan,Union Square-Lower Manhattan  Manhattan,"21,000","10.2 (6.9, 14.9)"
2019,UHF 34,401,3,4,Queens,Long Island City - Astoria,Long Island City - Astoria  Queens,"32,000","18.4 (12.1, 26.8)"
2019,UHF 34,402,3,4,Queens,West Queens,West Queens  Queens,"79,000","22.2 (16.3, 29.5)"
2019,UHF 34,403,3,4,Queens,Flushing - Clearview,Flushing - Clearview  Queens,"18,000*","8.9* (3.7, 20.2)"
2019,UHF 34,405,3,4,Queens,Ridgewood - Forest Hills,Ridgewood - Forest Hills  Queens,"54,000","27.0 (20.2, 34.9)"
2019,UHF 34,407,3,4,Queens,Southwest Queens,Southwest Queens  Queens,"57,000","27.7 (20.7, 36.0)"
2019,UHF 34,408,3,4,Queens,Jamaica,Jamaica  Queens,"56,000","26.8 (19.2, 36.0)"
2019,UHF 34,409,3,4,Queens,Southeast Queens,Southeast Queens  Queens,"50,000*","33.1* (23.3, 44.6)"
2019,UHF 34,410,3,4,Queens,Rockaways,Rockaways  Queens,"24,000*","31.2* (19.5, 46.0)"
2019,UHF 34,404406,3,4,Queens,Bayside Little Neck-Fresh Meadows,Bayside Little Neck-Fresh Meadows  Queens,"27,000","19.2 (12.2, 28.7)"
2019,UHF 34,501502,3,5,Staten Island,Northern SI,Northern SI  Staten Island,"37,000","25.8 (17.4, 36.4)"
2019,UHF 34,503504,3,5,Staten Island,Southern SI,Southern SI  Staten Island,"68,000","32.1 (24.3, 41.1)"
2018,Borough,1,1,1,Bronx,Bronx,Bronx,"336,000","31.8 (28.7, 34.9)"
2018,Borough,2,1,2,Brooklyn,Brooklyn,Brooklyn,"527,000","26.9 (24.6, 29.4)"
2018,Borough,3,1,3,Manhattan,Manhattan,Manhattan,"242,000","18.3 (15.9, 21.0)"
2018,Borough,4,1,4,Queens,Queens,Queens,"447,000","24.5 (22.0, 27.2)"
2018,Borough,5,1,5,Staten Island,Staten Island,Staten Island,"130,000","35.9 (29.3, 43.0)"
2018,UHF 34,101,3,1,Bronx,Kingsbridge - Riverdale,Kingsbridge - Riverdale  Bronx,"17,000","23.1 (15.8, 32.6)"
2018,UHF 34,102,3,1,Bronx,Northeast Bronx,Northeast Bronx  Bronx,"53,000","35.1 (26.7, 44.6)"
2018,UHF 34,103,3,1,Bronx,Fordham - Bronx Pk,Fordham - Bronx Pk  Bronx,"58,000","31.9 (24.3, 40.5)"
2018,UHF 34,104,3,1,Bronx,Pelham - Throgs Neck,Pelham - Throgs Neck  Bronx,"80,000","34.0 (27.6, 40.9)"
2018,UHF 34,105106107,3,1,Bronx,South Bronx,South Bronx  Bronx,"126,000","31.1 (26.5, 36.1)"
2018,UHF 34,201,3,2,Brooklyn,Greenpoint,Greenpoint  Brooklyn,"29,000*","28.4* (18.0, 41.8)"
2018,UHF 34,202,3,2,Brooklyn,Downtown - Heights - Slope,Downtown - Heights - Slope  Brooklyn,"32,000","18.3 (12.7, 25.7)"
2018,UHF 34,203,3,2,Brooklyn,Bedford Stuyvesant - Crown Heights,Bedford Stuyvesant - Crown Heights  Brooklyn,"77,000","31.4 (24.9, 38.8)"
2018,UHF 34,204,3,2,Brooklyn,East New York,East New York  Brooklyn,"31,000*","22.4* (13.7, 34.4)"
2018,UHF 34,205,3,2,Brooklyn,Sunset Park,Sunset Park  Brooklyn,"20,000","20.5 (13.6, 29.7)"
2018,UHF 34,206,3,2,Brooklyn,Borough Park,Borough Park  Brooklyn,"49,000","20.9 (15.6, 27.4)"
2018,UHF 34,207,3,2,Brooklyn,East Flatbush - Flatbush,East Flatbush - Flatbush  Brooklyn,"77,000","32.5 (25.2, 40.8)"
2018,UHF 34,208,3,2,Brooklyn,Canarsie - Flatlands,Canarsie - Flatlands  Brooklyn,"47,000","30.1 (21.5, 40.5)"
2018,UHF 34,209,3,2,Brooklyn,Bensonhurst - Bay Ridge,Bensonhurst - Bay Ridge  Brooklyn,"47,000","28.6 (22.2, 36.1)"
2018,UHF 34,210,3,2,Brooklyn,Coney Island - Sheepshead Bay,Coney Island - Sheepshead Bay  Brooklyn,"67,000","28.4 (22.1, 35.8)"
2018,UHF 34,211,3,2,Brooklyn,Williamsburg - Bushwick,Williamsburg - Bushwick  Brooklyn,"46,000","29.3 (21.1, 39.2)"
2018,UHF 34,301,3,3,Manhattan,Washington Heights,Washington Heights  Manhattan,"60,000","29.2 (22.1, 37.4)"
2018,UHF 34,302,3,3,Manhattan,Central Harlem - Morningside Heights,Central Harlem - Morningside Heights  Manhattan,"46,000","36.6 (28.8, 45.2)"
2018,UHF 34,303,3,3,Manhattan,East Harlem,East Harlem  Manhattan,"22,000*","26.9* (17.3, 39.2)"
2018,UHF 34,304,3,3,Manhattan,Upper West Side,Upper West Side  Manhattan,"31,000","17.0 (10.3, 26.8)"
2018,UHF 34,305307,3,3,Manhattan,Upper East Side-Gramercy,Upper East Side-Gramercy  Manhattan,"27,000","8.8 (5.8, 12.9)"
2018,UHF 34,306308,3,3,Manhattan,Chelsea-Village,Chelsea-Village    Manhattan,"26,000","12.9 (7.6, 21.0)"
2018,UHF 34,309310,3,3,Manhattan,Union Square-Lower Manhattan,Union Square-Lower Manhattan  Manhattan,"30,000","14.3 (9.4, 21.0)"
2018,UHF 34,401,3,4,Queens,Long Island City - Astoria,Long Island City - Astoria  Queens,"37,000","20.8 (13.4, 30.8)"
2018,UHF 34,402,3,4,Queens,West Queens,West Queens  Queens,"94,000","25.5 (20.1, 31.7)"
2018,UHF 34,403,3,4,Queens,Flushing - Clearview,Flushing - Clearview  Queens,"38,000","18.2 (11.0, 28.6)"
2018,UHF 34,405,3,4,Queens,Ridgewood - Forest Hills,Ridgewood - Forest Hills  Queens,"48,000","23.0 (17.2, 30.1)"
2018,UHF 34,407,3,4,Queens,Southwest Queens,Southwest Queens  Queens,"54,000","25.4 (19.2, 32.8)"
2018,UHF 34,408,3,4,Queens,Jamaica,Jamaica  Queens,"59,000","26.9 (19.3, 36.1)"
2018,UHF 34,409,3,4,Queens,Southeast Queens,Southeast Queens  Queens,"51,000","32.8 (23.9, 43.2)"
2018,UHF 34,410,3,4,Queens,Rockaways,Rockaways  Queens,"30,000*","36.4* (26.7, 47.4)"
2018,UHF 34,404406,3,4,Queens,Bayside Little Neck-Fresh Meadows,Bayside Little Neck-Fresh Meadows  Queens,"33,000","22.2 (15.2, 31.2)"
2018,UHF 34,501502,3,5,Staten Island,Northern SI,Northern SI  Staten Island,"55,000*","38.8* (27.7, 51.1)"
2018,UHF 34,503504,3,5,Staten Island,Southern SI,Southern SI  Staten Island,"75,000","35.7 (27.7, 44.6)"
2017,Borough,1,1,1,Bronx,Bronx,Bronx,"357,000","34.4 (31.3, 37.6)"
2017,Borough,2,1,2,Brooklyn,Brooklyn,Brooklyn,"514,000","26.4 (24.4, 28.6)"
2017,Borough,3,1,3,Manhattan,Manhattan,Manhattan,"226,000","17.3 (14.8, 20.0)"
2017,Borough,4,1,4,Queens,Queens,Queens,"426,000","23.9 (21.6, 26.3)"
2017,Borough,5,1,5,Staten Island,Staten Island,Staten Island,"94,000","26.0 (20.9, 31.8)"
2017,UHF 34,101,3,1,Bronx,Kingsbridge - Riverdale,Kingsbridge - Riverdale  Bronx,"17,000*","23.7* (14.8, 35.8)"
2017,UHF 34,102,3,1,Bronx,Northeast Bronx,Northeast Bronx  Bronx,"41,000","27.9 (21.2, 35.8)"
2017,UHF 34,103,3,1,Bronx,Fordham - Bronx Pk,Fordham - Bronx Pk  Bronx,"69,000","36.5 (29.6, 44.0)"
2017,UHF 34,104,3,1,Bronx,Pelham - Throgs Neck,Pelham - Throgs Neck  Bronx,"74,000","32.0 (25.4, 39.5)"
2017,UHF 34,105106107,3,1,Bronx,South Bronx,South Bronx  Bronx,"153,000","39.1 (34.1, 44.4)"
2017,UHF 34,201,3,2,Brooklyn,Greenpoint,Greenpoint  Brooklyn,"22,000","21.1 (13.1, 32.1)"
2017,UHF 34,202,3,2,Brooklyn,Downtown - Heights - Slope,Downtown - Heights - Slope  Brooklyn,"39,000","21.8 (15.3, 30.0)"
2017,UHF 34,203,3,2,Brooklyn,Bedford Stuyvesant - Crown Heights,Bedford Stuyvesant - Crown Heights  Brooklyn,"88,000","36.1 (30.3, 42.5)"
2017,UHF 34,204,3,2,Brooklyn,East New York,East New York  Brooklyn,"42,000","31.7 (24.4, 40.0)"
2017,UHF 34,205,3,2,Brooklyn,Sunset Park,Sunset Park  Brooklyn,"22,000","22.5 (15.0, 32.2)"
2017,UHF 34,206,3,2,Brooklyn,Borough Park,Borough Park  Brooklyn,"47,000","19.7 (15.2, 25.2)"
2017,UHF 34,207,3,2,Brooklyn,East Flatbush - Flatbush,East Flatbush - Flatbush  Brooklyn,"79,000","33.9 (27.6, 40.8)"
2017,UHF 34,208,3,2,Brooklyn,Canarsie - Flatlands,Canarsie - Flatlands  Brooklyn,"36,000","23.5 (17.1, 31.2)"
2017,UHF 34,209,3,2,Brooklyn,Bensonhurst - Bay Ridge,Bensonhurst - Bay Ridge  Brooklyn,"32,000","19.5 (13.7, 27.1)"
2017,UHF 34,210,3,2,Brooklyn,Coney Island - Sheepshead Bay,Coney Island - Sheepshead Bay  Brooklyn,"62,000","26.4 (20.8, 32.8)"
2017,UHF 34,211,3,2,Brooklyn,Williamsburg - Bushwick,Williamsburg - Bushwick  Brooklyn,"44,000","27.5 (20.9, 35.4)"
2017,UHF 34,301,3,3,Manhattan,Washington Heights,Washington Heights  Manhattan,"57,000","29.0 (21.9, 37.2)"
2017,UHF 34,302,3,3,Manhattan,Central Harlem - Morningside Heights,Central Harlem - Morningside Heights  Manhattan,"30,000","24.8 (17.2, 34.3)"
2017,UHF 34,303,3,3,Manhattan,East Harlem,East Harlem  Manhattan,"23,000*","28.6* (17.6, 43.0)"
2017,UHF 34,304,3,3,Manhattan,Upper West Side,Upper West Side  Manhattan,"25,000","13.4 (8.4, 20.6)"
2017,UHF 34,305307,3,3,Manhattan,Upper East Side-Gramercy,Upper East Side-Gramercy  Manhattan,"40,000","12.9 (8.1, 19.8)"
2017,UHF 34,306308,3,3,Manhattan,Chelsea-Village,Chelsea-Village    Manhattan,"18,000","9.0 (6.0, 13.3)"
2017,UHF 34,309310,3,3,Manhattan,Union Square-Lower Manhattan,Union Square-Lower Manhattan  Manhattan,"32,000","15.2 (10.4, 21.6)"
2017,UHF 34,401,3,4,Queens,Long Island City - Astoria,Long Island City - Astoria  Queens,"41,000","24.0 (17.1, 32.5)"
2017,UHF 34,402,3,4,Queens,West Queens,West Queens  Queens,"74,000","19.7 (15.7, 24.4)"
2017,UHF 34,403,3,4,Queens,Flushing - Clearview,Flushing - Clearview  Queens,"38,000","17.9 (11.6, 26.7)"
2017,UHF 34,405,3,4,Queens,Ridgewood - Forest Hills,Ridgewood - Forest Hills  Queens,"46,000","22.7 (16.6, 30.2)"
2017,UHF 34,407,3,4,Queens,Southwest Queens,Southwest Queens  Queens,"64,000","30.6 (24.4, 37.5)"
2017,UHF 34,408,3,4,Queens,Jamaica,Jamaica  Queens,"75,000","33.5 (25.9, 42.1)"
2017,UHF 34,409,3,4,Queens,Southeast Queens,Southeast Queens  Queens,"26,000","17.1 (11.5, 24.8)"
2017,UHF 34,410,3,4,Queens,Rockaways,Rockaways  Queens,"27,000","33.7 (24.8, 44.0)"
2017,UHF 34,404406,3,4,Queens,Bayside Little Neck-Fresh Meadows,Bayside Little Neck-Fresh Meadows  Queens,"34,000","22.7 (15.8, 31.5)"
2017,UHF 34,501502,3,5,Staten Island,Northern SI,Northern SI  Staten Island,"43,000","30.2 (22.4, 39.2)"
2017,UHF 34,503504,3,5,Staten Island,Southern SI,Southern SI  Staten Island,"51,000","23.4 (17.1, 31.3)"
2016,Borough,1,1,1,Bronx,Bronx,Bronx,"348,000","33.5 (30.3, 36.9)"
2016,Borough,2,1,2,Brooklyn,Brooklyn,Brooklyn,"498,000","25.8 (23.7, 27.9)"
2016,Borough,3,1,3,Manhattan,Manhattan,Manhattan,"201,000","15.4 (13.2, 17.9)"
2016,Borough,4,1,4,Queens,Queens,Queens,"382,000","21.3 (19.0, 23.7)"
2016,Borough,5,1,5,Staten Island,Staten Island,Staten Island,"94,000","26.4 (21.6, 31.8)"
2016,UHF 34,101,3,1,Bronx,Kingsbridge - Riverdale,Kingsbridge - Riverdale  Bronx,"18,000","25.2 (16.5, 36.3)"
2016,UHF 34,102,3,1,Bronx,Northeast Bronx,Northeast Bronx  Bronx,"57,000","37.5 (29.9, 45.9)"
2016,UHF 34,103,3,1,Bronx,Fordham - Bronx Pk,Fordham - Bronx Pk  Bronx,"53,000","28.5 (21.8, 36.2)"
2016,UHF 34,104,3,1,Bronx,Pelham - Throgs Neck,Pelham - Throgs Neck  Bronx,"67,000","29.0 (23.0, 35.9)"
2016,UHF 34,105106107,3,1,Bronx,South Bronx,South Bronx  Bronx,"151,000","38.6 (32.8, 44.7)"
2016,UHF 34,201,3,2,Brooklyn,Greenpoint,Greenpoint  Brooklyn,"14,000*","13.5* (7.2, 24.0)"
2016,UHF 34,202,3,2,Brooklyn,Downtown - Heights - Slope,Downtown - Heights - Slope  Brooklyn,"34,000","19.0 (13.5, 26.2)"
2016,UHF 34,203,3,2,Brooklyn,Bedford Stuyvesant - Crown Heights,Bedford Stuyvesant - Crown Heights  Brooklyn,"78,000","32.1 (26.7, 37.9)"
2016,UHF 34,204,3,2,Brooklyn,East New York,East New York  Brooklyn,"45,000","33.3 (24.9, 43.0)"
2016,UHF 34,205,3,2,Brooklyn,Sunset Park,Sunset Park  Brooklyn,"24,000","24.4 (16.3, 34.8)"
2016,UHF 34,206,3,2,Brooklyn,Borough Park,Borough Park  Brooklyn,"46,000","19.6 (14.3, 26.4)"
2016,UHF 34,207,3,2,Brooklyn,East Flatbush - Flatbush,East Flatbush - Flatbush  Brooklyn,"59,000","25.9 (20.2, 32.6)"
2016,UHF 34,208,3,2,Brooklyn,Canarsie - Flatlands,Canarsie - Flatlands  Brooklyn,"48,000","31.5 (23.1, 41.3)"
2016,UHF 34,209,3,2,Brooklyn,Bensonhurst - Bay Ridge,Bensonhurst - Bay Ridge  Brooklyn,"41,000","25.8 (18.9, 34.0)"
2016,UHF 34,210,3,2,Brooklyn,Coney Island - Sheepshead Bay,Coney Island - Sheepshead Bay  Brooklyn,"63,000","26.9 (21.4, 33.3)"
2016,UHF 34,211,3,2,Brooklyn,Williamsburg - Bushwick,Williamsburg - Bushwick  Brooklyn,"43,000","28.2 (22.1, 35.3)"
2016,UHF 34,301,3,3,Manhattan,Washington Heights,Washington Heights  Manhattan,"55,000","27.9 (21.0, 36.2)"
2016,UHF 34,302,3,3,Manhattan,Central Harlem - Morningside Heights,Central Harlem - Morningside Heights  Manhattan,"36,000","29.4 (22.0, 38.1)"
2016,UHF 34,303,3,3,Manhattan,East Harlem,East Harlem  Manhattan,"20,000*","25.2* (16.4, 36.7)"
2016,UHF 34,304,3,3,Manhattan,Upper West Side,Upper West Side  Manhattan,"20,000","11.1 (6.6, 18.0)"
2016,UHF 34,305307,3,3,Manhattan,Upper East Side-Gramercy,Upper East Side-Gramercy  Manhattan,"34,000","10.9 (7.3, 16.1)"
2016,UHF 34,306308,3,3,Manhattan,Chelsea-Village,Chelsea-Village    Manhattan,"14,000*","6.7* (3.6, 12.1)"
2016,UHF 34,309310,3,3,Manhattan,Union Square-Lower Manhattan,Union Square-Lower Manhattan  Manhattan,"22,000","10.5 (6.3, 17.1)"
2016,UHF 34,401,3,4,Queens,Long Island City - Astoria,Long Island City - Astoria  Queens,"35,000","19.8 (13.2, 28.6)"
2016,UHF 34,402,3,4,Queens,West Queens,West Queens  Queens,"65,000","17.2 (13.4, 21.8)"
2016,UHF 34,403,3,4,Queens,Flushing - Clearview,Flushing - Clearview  Queens,"22,000*","10.2* (5.4, 18.4)"
2016,UHF 34,405,3,4,Queens,Ridgewood - Forest Hills,Ridgewood - Forest Hills  Queens,"52,000","25.5 (19.5, 32.5)"
2016,UHF 34,407,3,4,Queens,Southwest Queens,Southwest Queens  Queens,"47,000","22.9 (18.0, 28.7)"
2016,UHF 34,408,3,4,Queens,Jamaica,Jamaica  Queens,"59,000","26.7 (19.8, 34.9)"
2016,UHF 34,409,3,4,Queens,Southeast Queens,Southeast Queens  Queens,"47,000*","29.5* (19.2, 42.4)"
2016,UHF 34,410,3,4,Queens,Rockaways,Rockaways  Queens,"21,000","27.1 (19.1, 36.9)"
2016,UHF 34,404406,3,4,Queens,Bayside Little Neck-Fresh Meadows,Bayside Little Neck-Fresh Meadows  Queens,"33,000","22.2 (15.2, 31.3)"
2016,UHF 34,501502,3,5,Staten Island,Northern SI,Northern SI  Staten Island,"31,000","22.1 (15.7, 30.1)"
2016,UHF 34,503504,3,5,Staten Island,Southern SI,Southern SI  Staten Island,"62,000","29.3 (22.9, 36.7)"
2015,Borough,1,1,1,Bronx,Bronx,Bronx,"319,000","31.1 (28.3, 34.0)"
2015,Borough,2,1,2,Brooklyn,Brooklyn,Brooklyn,"520,000","26.7 (24.6, 28.9)"
2015,Borough,3,1,3,Manhattan,Manhattan,Manhattan,"201,000","15.5 (13.4, 17.7)"
2015,Borough,4,1,4,Queens,Queens,Queens,"421,000","23.6 (21.3, 26.1)"
2015,Borough,5,1,5,Staten Island,Staten Island,Staten Island,"90,000","25.1 (20.3, 30.5)"
2015,UHF 34,101,3,1,Bronx,Kingsbridge - Riverdale,Kingsbridge - Riverdale  Bronx,"23,000*","32.5* (20.3, 47.6)"
2015,UHF 34,102,3,1,Bronx,Northeast Bronx,Northeast Bronx  Bronx,"41,000","27.3 (20.5, 35.4)"
2015,UHF 34,103,3,1,Bronx,Fordham - Bronx Pk,Fordham - Bronx Pk  Bronx,"55,000","30.1 (23.8, 37.2)"
2015,UHF 34,104,3,1,Bronx,Pelham - Throgs Neck,Pelham - Throgs Neck  Bronx,"68,000","29.4 (23.6, 35.9)"
2015,UHF 34,105106107,3,1,Bronx,South Bronx,South Bronx  Bronx,"132,000","33.9 (29.8, 38.4)"
2015,UHF 34,201,3,2,Brooklyn,Greenpoint,Greenpoint  Brooklyn,"26,000*","24.9* (15.7, 37.2)"
2015,UHF 34,202,3,2,Brooklyn,Downtown - Heights - Slope,Downtown - Heights - Slope  Brooklyn,"27,000","15.4 (10.7, 21.5)"
2015,UHF 34,203,3,2,Brooklyn,Bedford Stuyvesant - Crown Heights,Bedford Stuyvesant - Crown Heights  Brooklyn,"86,000","36.0 (29.8, 42.8)"
2015,UHF 34,204,3,2,Brooklyn,East New York,East New York  Brooklyn,"49,000","35.4 (27.1, 44.7)"
2015,UHF 34,205,3,2,Brooklyn,Sunset Park,Sunset Park  Brooklyn,"21,000","21.2 (14.4, 30.1)"
2015,UHF 34,206,3,2,Brooklyn,Borough Park,Borough Park  Brooklyn,"39,000","16.0 (11.7, 21.6)"
2015,UHF 34,207,3,2,Brooklyn,East Flatbush - Flatbush,East Flatbush - Flatbush  Brooklyn,"83,000","35.8 (29.3, 42.9)"
2015,UHF 34,208,3,2,Brooklyn,Canarsie - Flatlands,Canarsie - Flatlands  Brooklyn,"45,000","28.9 (21.6, 37.4)"
2015,UHF 34,209,3,2,Brooklyn,Bensonhurst - Bay Ridge,Bensonhurst - Bay Ridge  Brooklyn,"35,000","21.4 (15.1, 29.4)"
2015,UHF 34,210,3,2,Brooklyn,Coney Island - Sheepshead Bay,Coney Island - Sheepshead Bay  Brooklyn,"66,000","28.5 (22.7, 35.1)"
2015,UHF 34,211,3,2,Brooklyn,Williamsburg - Bushwick,Williamsburg - Bushwick  Brooklyn,"38,000","25.8 (19.2, 33.6)"
2015,UHF 34,301,3,3,Manhattan,Washington Heights,Washington Heights  Manhattan,"52,000","25.8 (19.6, 33.2)"
2015,UHF 34,302,3,3,Manhattan,Central Harlem - Morningside Heights,Central Harlem - Morningside Heights  Manhattan,"37,000","31.1 (24.0, 39.2)"
2015,UHF 34,303,3,3,Manhattan,East Harlem,East Harlem  Manhattan,"20,000","26.2 (19.2, 34.7)"
2015,UHF 34,304,3,3,Manhattan,Upper West Side,Upper West Side  Manhattan,"14,000","7.8 (4.6, 13.0)"
2015,UHF 34,305307,3,3,Manhattan,Upper East Side-Gramercy,Upper East Side-Gramercy  Manhattan,"40,000","12.9 (9.0, 18.2)"
2015,UHF 34,306308,3,3,Manhattan,Chelsea-Village,Chelsea-Village    Manhattan,"17,000","8.8 (5.8, 13.1)"
2015,UHF 34,309310,3,3,Manhattan,Union Square-Lower Manhattan,Union Square-Lower Manhattan  Manhattan,"16,000","7.5 (4.8, 11.6)"
2015,UHF 34,401,3,4,Queens,Long Island City - Astoria,Long Island City - Astoria  Queens,"40,000*","23.2* (14.6, 35.0)"
2015,UHF 34,402,3,4,Queens,West Queens,West Queens  Queens,"82,000","22.0 (17.5, 27.1)"
2015,UHF 34,403,3,4,Queens,Flushing - Clearview,Flushing - Clearview  Queens,"39,000","17.7 (12.7, 24.2)"
2015,UHF 34,405,3,4,Queens,Ridgewood - Forest Hills,Ridgewood - Forest Hills  Queens,"36,000","18.1 (12.6, 25.2)"
2015,UHF 34,407,3,4,Queens,Southwest Queens,Southwest Queens  Queens,"61,000","29.3 (22.5, 37.2)"
2015,UHF 34,408,3,4,Queens,Jamaica,Jamaica  Queens,"67,000","30.1 (23.4, 37.9)"
2015,UHF 34,409,3,4,Queens,Southeast Queens,Southeast Queens  Queens,"39,000","25.7 (18.9, 33.9)"
2015,UHF 34,410,3,4,Queens,Rockaways,Rockaways  Queens,"28,000*","34.2* (24.7, 45.1)"
2015,UHF 34,404406,3,4,Queens,Bayside Little Neck-Fresh Meadows,Bayside Little Neck-Fresh Meadows  Queens,"29,000","19.3 (13.2, 27.2)"
2015,UHF 34,501502,3,5,Staten Island,Northern SI,Northern SI  Staten Island,"33,000","23.6 (16.9, 31.9)"
2015,UHF 34,503504,3,5,Staten Island,Southern SI,Southern SI  Staten Island,"56,000","26.2 (19.9, 33.6)"
2014,Borough,1,1,1,Bronx,Bronx,Bronx,"303,000","30.2 (27.0, 33.7)"
2014,Borough,2,1,2,Brooklyn,Brooklyn,Brooklyn,"505,000","26.3 (24.0, 28.9)"
2014,Borough,3,1,3,Manhattan,Manhattan,Manhattan,"227,000","17.5 (15.2, 20.0)"
2014,Borough,4,1,4,Queens,Queens,Queens,"424,000","24.1 (21.6, 26.8)"
2014,Borough,5,1,5,Staten Island,Staten Island,Staten Island,"107,000","30.2 (25.5, 35.2)"
2014,UHF 34,101,3,1,Bronx,Kingsbridge - Riverdale,Kingsbridge - Riverdale  Bronx,"19,000*","27.9* (16.6, 43.0)"
2014,UHF 34,102,3,1,Bronx,Northeast Bronx,Northeast Bronx  Bronx,"35,000","24.6 (17.0, 34.0)"
2014,UHF 34,103,3,1,Bronx,Fordham - Bronx Pk,Fordham - Bronx Pk  Bronx,"54,000","29.6 (22.8, 37.4)"
2014,UHF 34,104,3,1,Bronx,Pelham - Throgs Neck,Pelham - Throgs Neck  Bronx,"77,000","34.0 (26.2, 42.8)"
2014,UHF 34,105106107,3,1,Bronx,South Bronx,South Bronx  Bronx,"115,000","30.5 (25.9, 35.4)"
2014,UHF 34,201,3,2,Brooklyn,Greenpoint,Greenpoint  Brooklyn,"16,000","16.1 (9.9, 25.2)"
2014,UHF 34,202,3,2,Brooklyn,Downtown - Heights - Slope,Downtown - Heights - Slope  Brooklyn,"30,000","17.5 (11.9, 25.1)"
2014,UHF 34,203,3,2,Brooklyn,Bedford Stuyvesant - Crown Heights,Bedford Stuyvesant - Crown Heights  Brooklyn,"75,000","30.9 (25.0, 37.5)"
2014,UHF 34,204,3,2,Brooklyn,East New York,East New York  Brooklyn,"42,000","31.3 (23.1, 40.9)"
2014,UHF 34,205,3,2,Brooklyn,Sunset Park,Sunset Park  Brooklyn,"18,000","19.1 (12.6, 27.9)"
2014,UHF 34,206,3,2,Brooklyn,Borough Park,Borough Park  Brooklyn,"53,000","22.6 (16.0, 31.0)"
2014,UHF 34,207,3,2,Brooklyn,East Flatbush - Flatbush,East Flatbush - Flatbush  Brooklyn,"71,000","30.8 (23.7, 39.0)"
2014,UHF 34,208,3,2,Brooklyn,Canarsie - Flatlands,Canarsie - Flatlands  Brooklyn,"45,000","30.5 (21.7, 40.9)"
2014,UHF 34,209,3,2,Brooklyn,Bensonhurst - Bay Ridge,Bensonhurst - Bay Ridge  Brooklyn,"34,000","21.0 (13.2, 31.7)"
2014,UHF 34,210,3,2,Brooklyn,Coney Island - Sheepshead Bay,Coney Island - Sheepshead Bay  Brooklyn,"71,000","31.1 (23.8, 39.5)"
2014,UHF 34,211,3,2,Brooklyn,Williamsburg - Bushwick,Williamsburg - Bushwick  Brooklyn,"49,000","31.7 (23.9, 40.6)"
2014,UHF 34,301,3,3,Manhattan,Washington Heights,Washington Heights  Manhattan,"47,000","23.3 (17.5, 30.4)"
2014,UHF 34,302,3,3,Manhattan,Central Harlem - Morningside Heights,Central Harlem - Morningside Heights  Manhattan,"40,000*","34.3* (24.8, 45.2)"
2014,UHF 34,303,3,3,Manhattan,East Harlem,East Harlem  Manhattan,"28,000","34.9 (25.7, 45.3)"
2014,UHF 34,304,3,3,Manhattan,Upper West Side,Upper West Side  Manhattan,"26,000","14.5 (9.2, 22.1)"
2014,UHF 34,305307,3,3,Manhattan,Upper East Side-Gramercy,Upper East Side-Gramercy  Manhattan,"36,000","11.8 (7.8, 17.6)"
2014,UHF 34,306308,3,3,Manhattan,Chelsea-Village,Chelsea-Village    Manhattan,"23,000","11.7 (7.3, 18.4)"
2014,UHF 34,309310,3,3,Manhattan,Union Square-Lower Manhattan,Union Square-Lower Manhattan  Manhattan,"27,000","13.0 (9.2, 18.2)"
2014,UHF 34,401,3,4,Queens,Long Island City - Astoria,Long Island City - Astoria  Queens,"47,000","26.7 (18.8, 36.4)"
2014,UHF 34,402,3,4,Queens,West Queens,West Queens  Queens,"83,000","23.4 (18.4, 29.3)"
2014,UHF 34,403,3,4,Queens,Flushing - Clearview,Flushing - Clearview  Queens,"32,000","15.0 (10.0, 21.8)"
2014,UHF 34,405,3,4,Queens,Ridgewood - Forest Hills,Ridgewood - Forest Hills  Queens,"38,000","19.0 (13.1, 26.9)"
2014,UHF 34,407,3,4,Queens,Southwest Queens,Southwest Queens  Queens,"63,000","30.7 (22.7, 40.2)"
2014,UHF 34,408,3,4,Queens,Jamaica,Jamaica  Queens,"66,000","30.2 (22.7, 39.0)"
2014,UHF 34,409,3,4,Queens,Southeast Queens,Southeast Queens  Queens,"31,000","20.7 (13.7, 30.0)"
2014,UHF 34,410,3,4,Queens,Rockaways,Rockaways  Queens,"21,000*","26.0* (16.8, 37.9)"
2014,UHF 34,404406,3,4,Queens,Bayside Little Neck-Fresh Meadows,Bayside Little Neck-Fresh Meadows  Queens,"41,000","27.1 (18.6, 37.8)"
2014,UHF 34,501502,3,5,Staten Island,Northern SI,Northern SI  Staten Island,"41,000","28.9 (21.9, 37.0)"
2014,UHF 34,503504,3,5,Staten Island,Southern SI,Southern SI  Staten Island,"66,000","31.0 (25.1, 37.7)"
2013,Borough,1,1,1,Bronx,Bronx,Bronx,"308,000","31.0 (28.0, 34.2)"
2013,Borough,2,1,2,Brooklyn,Brooklyn,Brooklyn,"510,000","27.0 (24.5, 29.7)"
2013,Borough,3,1,3,Manhattan,Manhattan,Manhattan,"212,000","16.4 (14.3, 18.7)"
2013,Borough,4,1,4,Queens,Queens,Queens,"338,000","19.3 (17.1, 21.6)"
2013,Borough,5,1,5,Staten Island,Staten Island,Staten Island,"105,000","30.0 (25.3, 35.2)"
2013,UHF 34,101,3,1,Bronx,Kingsbridge - Riverdale,Kingsbridge - Riverdale  Bronx,"16,000*","24.5* (15.3, 36.8)"
2013,UHF 34,102,3,1,Bronx,Northeast Bronx,Northeast Bronx  Bronx,"43,000","31.3 (23.8, 40.0)"
2013,UHF 34,103,3,1,Bronx,Fordham - Bronx Pk,Fordham - Bronx Pk  Bronx,"43,000","24.5 (18.1, 32.2)"
2013,UHF 34,104,3,1,Bronx,Pelham - Throgs Neck,Pelham - Throgs Neck  Bronx,"75,000","34.8 (27.5, 42.9)"
2013,UHF 34,105106107,3,1,Bronx,South Bronx,South Bronx  Bronx,"126,000","34.1 (29.7, 38.9)"
2013,UHF 34,201,3,2,Brooklyn,Greenpoint,Greenpoint  Brooklyn,"14,000","15.7 (10.3, 23.1)"
2013,UHF 34,202,3,2,Brooklyn,Downtown - Heights - Slope,Downtown - Heights - Slope  Brooklyn,"29,000","17.0 (11.5, 24.5)"
2013,UHF 34,203,3,2,Brooklyn,Bedford Stuyvesant - Crown Heights,Bedford Stuyvesant - Crown Heights  Brooklyn,"67,000","28.6 (22.5, 35.7)"
2013,UHF 34,204,3,2,Brooklyn,East New York,East New York  Brooklyn,"32,000","24.2 (17.6, 32.4)"
2013,UHF 34,205,3,2,Brooklyn,Sunset Park,Sunset Park  Brooklyn,"18,000","20.7 (13.2, 31.0)"
2013,UHF 34,206,3,2,Brooklyn,Borough Park,Borough Park  Brooklyn,"68,000","30.0 (21.6, 40.1)"
2013,UHF 34,207,3,2,Brooklyn,East Flatbush - Flatbush,East Flatbush - Flatbush  Brooklyn,"63,000","28.8 (21.9, 36.9)"
2013,UHF 34,208,3,2,Brooklyn,Canarsie - Flatlands,Canarsie - Flatlands  Brooklyn,"63,000*","42.0* (31.2, 53.5)"
2013,UHF 34,209,3,2,Brooklyn,Bensonhurst - Bay Ridge,Bensonhurst - Bay Ridge  Brooklyn,"38,000","23.6 (15.2, 34.7)"
2013,UHF 34,210,3,2,Brooklyn,Coney Island - Sheepshead Bay,Coney Island - Sheepshead Bay  Brooklyn,"75,000","32.7 (25.5, 40.8)"
2013,UHF 34,211,3,2,Brooklyn,Williamsburg - Bushwick,Williamsburg - Bushwick  Brooklyn,"39,000","25.1 (18.3, 33.4)"
2013,UHF 34,301,3,3,Manhattan,Washington Heights,Washington Heights  Manhattan,"45,000","24.0 (17.9, 31.5)"
2013,UHF 34,302,3,3,Manhattan,Central Harlem - Morningside Heights,Central Harlem - Morningside Heights  Manhattan,"31,000","26.2 (19.0, 34.8)"
2013,UHF 34,303,3,3,Manhattan,East Harlem,East Harlem  Manhattan,"29,000","37.8 (28.6, 47.9)"
2013,UHF 34,304,3,3,Manhattan,Upper West Side,Upper West Side  Manhattan,"20,000","11.6 (7.4, 17.5)"
2013,UHF 34,305307,3,3,Manhattan,Upper East Side-Gramercy,Upper East Side-Gramercy  Manhattan,"30,000","9.8 (6.6, 14.1)"
2013,UHF 34,306308,3,3,Manhattan,Chelsea-Village,Chelsea-Village    Manhattan,"20,000","10.6 (6.7, 16.5)"
2013,UHF 34,309310,3,3,Manhattan,Union Square-Lower Manhattan,Union Square-Lower Manhattan  Manhattan,"27,000","13.2 (8.6, 19.8)"
2013,UHF 34,401,3,4,Queens,Long Island City - Astoria,Long Island City - Astoria  Queens,"24,000","15.1 (9.3, 23.5)"
2013,UHF 34,402,3,4,Queens,West Queens,West Queens  Queens,"78,000","22.6 (16.8, 29.8)"
2013,UHF 34,403,3,4,Queens,Flushing - Clearview,Flushing - Clearview  Queens,"23,000","11.5 (7.7, 17.0)"
2013,UHF 34,405,3,4,Queens,Ridgewood - Forest Hills,Ridgewood - Forest Hills  Queens,"28,000","14.1 (9.5, 20.5)"
2013,UHF 34,407,3,4,Queens,Southwest Queens,Southwest Queens  Queens,"47,000","23.4 (17.1, 31.2)"
2013,UHF 34,408,3,4,Queens,Jamaica,Jamaica  Queens,"51,000","23.6 (17.1, 31.6)"
2013,UHF 34,409,3,4,Queens,Southeast Queens,Southeast Queens  Queens,"35,000","22.7 (16.2, 31.0)"
2013,UHF 34,410,3,4,Queens,Rockaways,Rockaways  Queens,"22,000*","27.7* (18.3, 39.6)"
2013,UHF 34,404406,3,4,Queens,Bayside Little Neck-Fresh Meadows,Bayside Little Neck-Fresh Meadows  Queens,"19,000","13.5 (8.5, 21.0)"
2013,UHF 34,501502,3,5,Staten Island,Northern SI,Northern SI  Staten Island,"41,000","29.5 (22.3, 37.9)"
2013,UHF 34,503504,3,5,Staten Island,Southern SI,Southern SI  Staten Island,"63,000","30.0 (24.0, 36.8)"